[
    {
        "plasmid_id": "mastermix",
        "h2o_volume": 0,
        "buffer": 8.0,
        "pMYT039": 0.814,
        "pYTK053": 0.47,
        "pYTK033": 0.588
    },
    {
        "plasmid_id": "pSA001",
        "h2o_volume": 7.387,
        "pYTK009": 0.145,
        "mastermix": 2.468
    },
    {
        "plasmid_id": "pSA002",
        "h2o_volume": 7.386,
        "pYTK014": 0.146,
        "mastermix": 2.468
    },
    {
        "plasmid_id": "pSA003",
        "h2o_volume": 7.386,
        "pYTK018": 0.146,
        "mastermix": 2.468
    },
    {
        "plasmid_id": "pSA004",
        "h2o_volume": 7.386,
        "pYTK027": 0.146,
        "mastermix": 2.468
    }
]